{"login": "rust", "id": 18273, "node_id": "MDQ6VXNlcjE4Mjcz", "avatar_url": "https://avatars.githubusercontent.com/u/18273?v=4", "gravatar_id": "", "url": "https://api.github.com/users/rust", "html_url": "https://github.com/rust", "followers_url": "https://api.github.com/users/rust/followers", "following_url": "https://api.github.com/users/rust/following{/other_user}", "gists_url": "https://api.github.com/users/rust/gists{/gist_id}", "starred_url": "https://api.github.com/users/rust/starred{/owner}{/repo}", "subscriptions_url": "https://api.github.com/users/rust/subscriptions", "organizations_url": "https://api.github.com/users/rust/orgs", "repos_url": "https://api.github.com/users/rust/repos", "events_url": "https://api.github.com/users/rust/events{/privacy}", "received_events_url": "https://api.github.com/users/rust/received_events", "type": "User", "user_view_type": "public", "site_admin": false, "name": "Shinichiro OGAWA", "company": "i-plug Inc.", "blog": "https://stnard.dev/", "location": "Tokyo, Setagaya-ku", "email": null, "hireable": true, "bio": "CTO at i-plug, Inc./ CEO at Leisurely Works, LLC. / Ruby/Rails engineer", "twitter_username": "conceal_rs", "public_repos": 65, "public_gists": 33, "followers": 158, "following": 104, "created_at": "2008-07-24T14:47:01Z", "updated_at": "2024-11-25T15:11:30Z"}